,train,test
0,0.7035984848484849,0.7131558641975309
1,0.7045454545454546,0.7060185185185186
2,0.7694128787878788,0.794945987654321
3,0.7855113636363636,0.8070987654320988
4,0.7926136363636364,0.777391975308642
