,train,test
0,0.5690264917695473,0.5658143939393939
1,0.5703285751028806,0.5799873737373737
2,0.6182323816872428,0.6303030303030304
3,0.6694476594650206,0.6601010101010102
4,0.688062628600823,0.6641414141414141
