,train,test
0,0.6257421875,0.6241477272727273
1,0.69388671875,0.6674360795454546
2,0.648203125,0.6459517045454546
3,0.7069140625,0.6886008522727273
4,0.71423828125,0.6853338068181818
